t_s,x_km,v_kmh,a_ms2,P_traction_kW,P_lev_kW,P_aux_kW,E_net_kWh
0.0,0.0,0.0,0.25,0.0,0.75,1.0,0.00024305555555555555
10.0,0.04525,33.300000000000004,1.0,7.708536635365249,0.75,1.0,0.015560764307375557
20.0,0.19025,69.3,1.0,16.043499017890415,0.75,1.0,0.053989123536674635
30.0,0.43525,105.3,1.0,24.38142827033428,0.75,1.0,0.11557412686151561
40.0,0.78025,141.3,1.0,32.723865623823436,0.75,1.0,0.20032626321595448
50.0,1.22525,177.3,1.0,41.07235230948449,0.75,1.0,0.30826030273162114
60.0,1.77025,213.3,1.0,49.42842955844403,0.75,1.0,0.4393952967377193
70.0,2.41525,249.3,1.0,57.793638601828654,0.75,1.0,0.5937545777610267
80.0,3.16025,285.3,1.0,66.16952067076498,0.75,1.0,0.7713657595258948
90.0,4.00525,321.3,1.0,74.55761699637956,0.75,1.0,0.9722607369542494
100.0,4.95025,357.3,1.0,82.95946880979905,0.75,1.0,1.1964756861655896
110.0,5.99525,393.3,1.0,91.37661734215,0.75,1.0,1.4440510644769886
120.0,7.14025,429.3,1.0,99.81060382455902,0.75,1.0,1.7150316104030925
130.0,8.38525,465.3,1.0,108.26296948815268,0.75,1.0,2.009466343656123
140.0,9.73025,501.3,1.0,116.73525556405765,0.75,1.0,2.327408565145875
150.0,11.17525,537.3000000000001,1.0,125.2290032834005,0.75,1.0,2.6689158569797167
160.0,12.72025,573.3000000000001,1.0,133.74575387730775,0.75,1.0,3.0340500824625907
170.0,14.36525,609.3000000000001,1.0,142.2870485769061,0.75,1.0,3.4228773860970128
180.0,16.11025,645.3000000000001,1.0,150.85442861332206,0.75,1.0,3.8354681935830754
190.0,17.95525,681.3000000000001,1.0,159.44943521768232,0.75,1.0,4.271897211818442
200.0,19.90025,717.3000000000001,1.0,168.0736096211134,0.75,1.0,4.73224342889835
210.0,21.94525,753.3000000000001,1.0,176.72849305474193,0.75,1.0,5.216590114115612
220.0,24.09025,789.3000000000001,1.0,185.4156267496945,0.75,1.0,5.725024817960613
230.0,26.33525,825.3000000000001,1.0,194.13655193709775,0.75,1.0,6.257639372121314
240.0,28.68025,861.3000000000001,1.0,202.89280984807817,0.75,1.0,6.814529889483249
250.0,31.12525,897.3000000000001,1.0,211.68594171376245,0.75,1.0,7.395796764129522
260.0,33.67025,933.3000000000001,1.0,220.51748876527714,0.75,1.0,8.00154467134082
270.0,36.31525,969.3000000000001,1.0,229.3889922337489,0.75,1.0,8.631882567595392
280.0,39.06025,1005.3000000000001,1.0,238.3019933503043,0.75,1.0,9.28692369056907
290.0,41.90525,1041.3,1.0,247.25803334606985,0.75,1.0,9.96678555913526
300.0,44.85025,1077.3,1.0,256.2586534521722,0.75,1.0,10.671589973364934
310.0,47.89525,1113.3,1.0,265.3053948997381,0.75,1.0,11.401463014526646
320.0,51.04025,1149.3,1.0,274.39979891989384,0.75,1.0,12.15653504508652
330.0,54.267125,1164.6000000000001,0.0,8.696397370330041,0.75,1.0,12.46436170944411
340.0,57.502125,1164.6000000000001,0.0,8.696397370330041,0.75,1.0,12.493379479917234
350.0,60.737125,1164.6000000000001,0.0,8.696397370330041,0.75,1.0,12.522397250390355
360.0,63.972125,1164.6000000000001,0.0,8.696397370330041,0.75,1.0,12.551415020863478
370.0,67.207125,1164.6000000000001,0.0,8.696397370330041,0.75,1.0,12.580432791336602
380.0,70.442125,1164.6000000000001,0.0,8.696397370330041,0.75,1.0,12.609450561809723
390.0,73.677125,1164.6000000000001,0.0,8.696397370330041,0.75,1.0,12.638468332282846
400.0,76.912125,1164.6000000000001,0.0,8.696397370330041,0.75,1.0,12.66748610275597
410.0,80.147125,1164.6000000000001,0.0,8.696397370330041,0.75,1.0,12.69650387322909
420.0,83.382125,1164.6000000000001,0.0,8.696397370330041,0.75,1.0,12.725521643702214
430.0,86.617125,1164.6000000000001,0.0,8.696397370330041,0.75,1.0,12.754539414175337
440.0,89.852125,1164.6000000000001,0.0,8.696397370330041,0.75,1.0,12.783557184648458
450.0,93.087125,1164.6000000000001,0.0,8.696397370330041,0.75,1.0,12.812574955121582
460.0,96.322125,1164.6000000000001,0.0,8.696397370330041,0.75,1.0,12.841592725594705
470.0,99.557125,1164.6000000000001,0.0,8.696397370330041,0.75,1.0,12.870610496067826
480.0,102.792125,1164.6000000000001,0.0,8.696397370330041,0.75,1.0,12.89962826654095
490.0,106.027125,1164.6000000000001,0.0,8.696397370330041,0.75,1.0,12.928646037014072
500.0,109.262125,1164.6000000000001,0.0,8.696397370330041,0.75,1.0,12.957663807487194
510.0,112.497125,1164.6000000000001,0.0,8.696397370330041,0.75,1.0,12.986681577960317
520.0,115.732125,1164.6000000000001,0.0,8.696397370330041,0.75,1.0,13.01569934843344
530.0,118.967125,1164.6000000000001,0.0,8.696397370330041,0.75,1.0,13.044717118906561
540.0,122.202125,1164.6000000000001,0.0,8.696397370330041,0.75,1.0,13.073734889379685
550.0,125.437125,1164.6000000000001,0.0,8.696397370330041,0.75,1.0,13.102752659852808
560.0,128.672125,1164.6000000000001,0.0,8.696397370330041,0.75,1.0,13.131770430325929
570.0,131.907125,1164.6000000000001,0.0,8.696397370330041,0.75,1.0,13.160788200799052
580.0,135.142125,1164.6000000000001,0.0,8.696397370330041,0.75,1.0,13.189805971272175
590.0,138.377125,1164.6000000000001,0.0,8.696397370330041,0.75,1.0,13.218823741745297
600.0,141.612125,1164.6000000000001,0.0,8.696397370330041,0.75,1.0,13.24784151221842
610.0,144.847125,1164.6000000000001,0.0,8.696397370330041,0.75,1.0,13.276859282691543
620.0,148.082125,1164.6000000000001,0.0,8.696397370330041,0.75,1.0,13.305877053164664
630.0,151.317125,1164.6000000000001,0.0,8.696397370330041,0.75,1.0,13.334894823637788
640.0,154.552125,1164.6000000000001,0.0,8.696397370330041,0.75,1.0,13.36391259411091
650.0,157.787125,1164.6000000000001,0.0,8.696397370330041,0.75,1.0,13.392930364584032
660.0,161.022125,1164.6000000000001,0.0,8.696397370330041,0.75,1.0,13.421948135057155
670.0,164.257125,1164.6000000000001,0.0,8.696397370330041,0.75,1.0,13.450965905530278
680.0,167.492125,1164.6000000000001,0.0,8.696397370330041,0.75,1.0,13.4799836760034
690.0,170.727125,1164.6000000000001,0.0,8.696397370330041,0.75,1.0,13.509001446476523
700.0,173.962125,1164.6000000000001,0.0,8.696397370330041,0.75,1.0,13.538019216949646
710.0,177.197125,1164.6000000000001,0.0,8.696397370330041,0.75,1.0,13.567036987422767
720.0,180.432125,1164.6000000000001,0.0,8.696397370330041,0.75,1.0,13.59605475789589
730.0,183.667125,1164.6000000000001,0.0,8.696397370330041,0.75,1.0,13.625072528369014
740.0,186.902125,1164.6000000000001,0.0,8.696397370330041,0.75,1.0,13.654090298842135
750.0,190.137125,1164.6000000000001,0.0,8.696397370330041,0.75,1.0,13.683108069315258
760.0,193.372125,1164.6000000000001,0.0,8.696397370330041,0.75,1.0,13.712125839788381
770.0,196.607125,1164.6000000000001,0.0,8.696397370330041,0.75,1.0,13.741143610261503
780.0,199.842125,1164.6000000000001,0.0,8.696397370330041,0.75,1.0,13.770161380734626
790.0,203.077125,1164.6000000000001,0.0,8.696397370330041,0.75,1.0,13.799179151207749
800.0,206.312125,1164.6000000000001,0.0,8.696397370330041,0.75,1.0,13.82819692168087
810.0,209.547125,1164.6000000000001,0.0,8.696397370330041,0.75,1.0,13.857214692153994
820.0,212.782125,1164.6000000000001,0.0,8.696397370330041,0.75,1.0,13.886232462627117
830.0,216.017125,1164.6000000000001,0.0,8.696397370330041,0.75,1.0,13.915250233100238
840.0,219.252125,1164.6000000000001,0.0,8.696397370330041,0.75,1.0,13.944268003573361
850.0,222.487125,1164.6000000000001,0.0,8.696397370330041,0.75,1.0,13.973285774046484
860.0,225.722125,1164.6000000000001,0.0,8.696397370330041,0.75,1.0,14.002303544519606
870.0,228.957125,1164.6000000000001,0.0,8.696397370330041,0.75,1.0,14.031321314992729
880.0,232.192125,1164.6000000000001,0.0,8.696397370330041,0.75,1.0,14.060339085465852
890.0,235.427125,1164.6000000000001,0.0,8.696397370330041,0.75,1.0,14.089356855938973
900.0,238.662125,1164.6000000000001,0.0,8.696397370330041,0.75,1.0,14.118374626412097
910.0,241.897125,1164.6000000000001,0.0,8.696397370330041,0.75,1.0,14.14739239688522
920.0,245.132125,1164.6000000000001,0.0,8.696397370330041,0.75,1.0,14.176410167358341
930.0,248.367125,1164.6000000000001,0.0,8.696397370330041,0.75,1.0,14.205427937831464
940.0,251.602125,1164.6000000000001,0.0,8.696397370330041,0.75,1.0,14.234445708304587
950.0,254.837125,1164.6000000000001,0.0,8.696397370330041,0.75,1.0,14.263463478777709
960.0,258.072125,1164.6000000000001,0.0,8.696397370330041,0.75,1.0,14.292481249250832
970.0,261.307125,1164.6000000000001,0.0,8.696397370330041,0.75,1.0,14.321499019723955
980.0,264.542125,1164.6000000000001,0.0,8.696397370330041,0.75,1.0,14.350516790197076
990.0,267.777125,1164.6000000000001,0.0,8.696397370330041,0.75,1.0,14.3795345606702
1000.0,271.012125,1164.6000000000001,0.0,8.696397370330041,0.75,1.0,14.408552331143323
1010.0,274.247125,1164.6000000000001,0.0,8.696397370330041,0.75,1.0,14.437570101616444
1020.0,277.482125,1164.6000000000001,0.0,8.696397370330041,0.75,1.0,14.466587872089567
1030.0,280.717125,1164.6000000000001,0.0,8.696397370330041,0.75,1.0,14.49560564256269
1040.0,283.952125,1164.6000000000001,0.0,8.696397370330041,0.75,1.0,14.524623413035812
1050.0,287.187125,1164.6000000000001,0.0,8.696397370330041,0.75,1.0,14.553641183508935
1060.0,290.422125,1164.6000000000001,0.0,8.696397370330041,0.75,1.0,14.582658953982058
1070.0,293.657125,1164.6000000000001,0.0,8.696397370330041,0.75,1.0,14.61167672445518
1080.0,296.892125,1164.6000000000001,0.0,8.696397370330041,0.75,1.0,14.640694494928303
1090.0,300.127125,1164.6000000000001,0.0,8.696397370330041,0.75,1.0,14.669712265401426
1100.0,303.362125,1164.6000000000001,0.0,8.696397370330041,0.75,1.0,14.698730035874547
1110.0,306.597125,1164.6000000000001,0.0,8.696397370330041,0.75,1.0,14.72774780634767
1120.0,309.832125,1164.6000000000001,0.0,8.696397370330041,0.75,1.0,14.756765576820793
1130.0,313.067125,1164.6000000000001,0.0,8.696397370330041,0.75,1.0,14.785783347293915
1140.0,316.302125,1164.6000000000001,0.0,8.696397370330041,0.75,1.0,14.814801117767038
1150.0,319.537125,1164.6000000000001,0.0,8.696397370330041,0.75,1.0,14.843818888240161
1160.0,322.772125,1164.6000000000001,0.0,8.696397370330041,0.75,1.0,14.872836658713283
1170.0,326.007125,1164.6000000000001,0.0,8.696397370330041,0.75,1.0,14.901854429186406
1180.0,329.242125,1164.6000000000001,0.0,8.696397370330041,0.75,1.0,14.930872199659529
1190.0,332.477125,1164.6000000000001,0.0,8.696397370330041,0.75,1.0,14.95988997013265
1200.0,335.712125,1164.6000000000001,0.0,8.696397370330041,0.75,1.0,14.988907740605773
1210.0,338.947125,1164.6000000000001,0.0,8.696397370330041,0.75,1.0,15.017925511078897
1220.0,342.182125,1164.6000000000001,0.0,8.696397370330041,0.75,1.0,15.046943281552018
1230.0,345.417125,1164.6000000000001,0.0,8.696397370330041,0.75,1.0,15.075961052025141
1240.0,348.652125,1164.6000000000001,0.0,8.696397370330041,0.75,1.0,15.104978822498264
1250.0,351.887125,1164.6000000000001,0.0,8.696397370330041,0.75,1.0,15.133996592971386
1260.0,355.122125,1164.6000000000001,0.0,8.696397370330041,0.75,1.0,15.163014363444509
1270.0,358.357125,1164.6000000000001,0.0,8.696397370330041,0.75,1.0,15.192032133917632
1280.0,361.592125,1164.6000000000001,0.0,8.696397370330041,0.75,1.0,15.221049904390753
1290.0,364.827125,1164.6000000000001,0.0,8.696397370330041,0.75,1.0,15.250067674863876
1300.0,368.062125,1164.6000000000001,0.0,8.696397370330041,0.75,1.0,15.279085445337
1310.0,371.297125,1164.6000000000001,0.0,8.696397370330041,0.75,1.0,15.308103215810121
1320.0,374.532125,1164.6000000000001,0.0,8.696397370330041,0.75,1.0,15.337120986283244
1330.0,377.767125,1164.6000000000001,0.0,8.696397370330041,0.75,1.0,15.366138756756367
1340.0,381.002125,1164.6000000000001,0.0,8.696397370330041,0.75,1.0,15.395156527229489
1350.0,384.237125,1164.6000000000001,0.0,8.696397370330041,0.75,1.0,15.424174297702612
1360.0,387.472125,1164.6000000000001,0.0,8.696397370330041,0.75,1.0,15.453192068175735
1370.0,390.707125,1164.6000000000001,0.0,8.696397370330041,0.75,1.0,15.482209838648856
1380.0,393.942125,1164.6000000000001,0.0,8.696397370330041,0.75,1.0,15.51122760912198
1390.0,397.177125,1164.6000000000001,0.0,8.696397370330041,0.75,1.0,15.540245379595103
1400.0,400.412125,1164.6000000000001,0.0,8.696397370330041,0.75,1.0,15.569263150068224
1410.0,403.647125,1164.6000000000001,0.0,8.696397370330041,0.75,1.0,15.598280920541347
1420.0,406.882125,1164.6000000000001,0.0,8.696397370330041,0.75,1.0,15.62729869101447
1430.0,410.117125,1164.6000000000001,0.0,8.696397370330041,0.75,1.0,15.656316461487592
1440.0,413.352125,1164.6000000000001,0.0,8.696397370330041,0.75,1.0,15.685334231960715
1450.0,416.587125,1164.6000000000001,0.0,8.696397370330041,0.75,1.0,15.714352002433838
1460.0,419.822125,1164.6000000000001,0.0,8.696397370330041,0.75,1.0,15.74336977290696
1470.0,423.057125,1164.6000000000001,0.0,8.696397370330041,0.75,1.0,15.772387543380082
1480.0,426.292125,1164.6000000000001,0.0,8.696397370330041,0.75,1.0,15.801405313853206
1490.0,429.527125,1164.6000000000001,0.0,8.696397370330041,0.75,1.0,15.830423084326327
1500.0,432.762125,1164.6000000000001,0.0,8.696397370330041,0.75,1.0,15.85944085479945
1510.0,435.997125,1164.6000000000001,0.0,8.696397370330041,0.75,1.0,15.888458625272573
1520.0,439.232125,1164.6000000000001,0.0,8.696397370330041,0.75,1.0,15.917476395745695
1530.0,442.467125,1164.6000000000001,0.0,8.696397370330041,0.75,1.0,15.946494166218818
1540.0,445.702125,1164.6000000000001,0.0,8.696397370330041,0.75,1.0,15.975511936691941
1550.0,448.937125,1164.6000000000001,0.0,8.696397370330041,0.75,1.0,16.004529707165062
1560.0,452.172125,1164.6000000000001,0.0,8.696397370330041,0.75,1.0,16.033547477638184
1570.0,455.407125,1164.6000000000001,0.0,8.696397370330041,0.75,1.0,16.06256524811131
1580.0,458.642125,1164.6000000000001,0.0,8.696397370330041,0.75,1.0,16.09158301858443
1590.0,461.877125,1164.6000000000001,0.0,8.696397370330041,0.75,1.0,16.12060078905755
1600.0,465.112125,1164.6000000000001,0.0,8.696397370330041,0.75,1.0,16.149618559530676
1610.0,468.347125,1164.6000000000001,0.0,8.696397370330041,0.75,1.0,16.178636330003798
1620.0,471.582125,1164.6000000000001,0.0,8.696397370330041,0.75,1.0,16.20765410047692
1630.0,474.817125,1164.6000000000001,0.0,8.696397370330041,0.75,1.0,16.236671870950044
1640.0,478.052125,1164.6000000000001,0.0,8.696397370330041,0.75,1.0,16.265689641423165
1650.0,481.287125,1164.6000000000001,0.0,8.696397370330041,0.75,1.0,16.294707411896287
1660.0,484.522125,1164.6000000000001,0.0,8.696397370330041,0.75,1.0,16.32372518236941
1670.0,487.757125,1164.6000000000001,0.0,8.696397370330041,0.75,1.0,16.352742952842533
1680.0,490.992125,1164.6000000000001,0.0,8.696397370330041,0.75,1.0,16.381760723315654
1690.0,494.227125,1164.6000000000001,0.0,8.696397370330041,0.75,1.0,16.41077849378878
1700.0,497.462125,1164.6000000000001,0.0,8.696397370330041,0.75,1.0,16.4397962642619
1710.0,500.697125,1164.6000000000001,0.0,8.696397370330041,0.75,1.0,16.468814034735022
1720.0,503.932125,1164.6000000000001,0.0,8.696397370330041,0.75,1.0,16.497831805208147
1730.0,507.167125,1164.6000000000001,0.0,8.696397370330041,0.75,1.0,16.52684957568127
1740.0,510.402125,1164.6000000000001,0.0,8.696397370330041,0.75,1.0,16.55586734615439
1750.0,513.637125,1164.6000000000001,0.0,8.696397370330041,0.75,1.0,16.584885116627515
1760.0,516.872125,1164.6000000000001,0.0,8.696397370330041,0.75,1.0,16.613902887100636
1770.0,520.107125,1164.6000000000001,0.0,8.696397370330041,0.75,1.0,16.642920657573757
1780.0,523.342125,1164.6000000000001,0.0,8.696397370330041,0.75,1.0,16.671938428046882
1790.0,526.577125,1164.6000000000001,0.0,8.696397370330041,0.75,1.0,16.700956198520004
1800.0,529.812125,1164.6000000000001,0.0,8.696397370330041,0.75,1.0,16.729973968993125
1810.0,533.047125,1164.6000000000001,0.0,8.696397370330041,0.75,1.0,16.75899173946625
1820.0,536.282125,1164.6000000000001,0.0,8.696397370330041,0.75,1.0,16.78800950993937
1830.0,539.517125,1164.6000000000001,0.0,8.696397370330041,0.75,1.0,16.817027280412493
1840.0,542.752125,1164.6000000000001,0.0,8.696397370330041,0.75,1.0,16.846045050885618
1850.0,545.987125,1164.6000000000001,0.0,8.696397370330041,0.75,1.0,16.87506282135874
1860.0,549.222125,1164.6000000000001,0.0,8.696397370330041,0.75,1.0,16.90408059183186
1870.0,552.457125,1164.6000000000001,0.0,8.696397370330041,0.75,1.0,16.933098362304985
1880.0,555.692125,1164.6000000000001,0.0,8.696397370330041,0.75,1.0,16.962116132778107
1890.0,558.927125,1164.6000000000001,0.0,8.696397370330041,0.75,1.0,16.991133903251228
1900.0,562.162125,1164.6000000000001,0.0,8.696397370330041,0.75,1.0,17.020151673724353
1910.0,565.397125,1164.6000000000001,0.0,8.696397370330041,0.75,1.0,17.049169444197474
1920.0,568.632125,1164.6000000000001,0.0,8.696397370330041,0.75,1.0,17.078187214670596
1930.0,571.867125,1164.6000000000001,0.0,8.696397370330041,0.75,1.0,17.10720498514372
1940.0,575.102125,1164.6000000000001,0.0,8.696397370330041,0.75,1.0,17.136222755616842
1950.0,578.337125,1164.6000000000001,0.0,8.696397370330041,0.75,1.0,17.165240526089963
1960.0,581.572125,1164.6000000000001,0.0,8.696397370330041,0.75,1.0,17.19425829656309
1970.0,584.807125,1164.6000000000001,0.0,8.696397370330041,0.75,1.0,17.22327606703621
1980.0,588.042125,1164.6000000000001,0.0,8.696397370330041,0.75,1.0,17.25229383750933
1990.0,591.277125,1164.6000000000001,0.0,8.696397370330041,0.75,1.0,17.281311607982456
2000.0,594.512125,1164.6000000000001,0.0,8.696397370330041,0.75,1.0,17.310329378455577
2010.0,597.747125,1164.6000000000001,0.0,8.696397370330041,0.75,1.0,17.3393471489287
2020.0,600.982125,1164.6000000000001,0.0,8.696397370330041,0.75,1.0,17.368364919401824
2030.0,604.217125,1164.6000000000001,0.0,8.696397370330041,0.75,1.0,17.397382689874945
2040.0,607.452125,1164.6000000000001,0.0,8.696397370330041,0.75,1.0,17.426400460348066
2050.0,610.687125,1164.6000000000001,0.0,8.696397370330041,0.75,1.0,17.45541823082119
2060.0,613.922125,1164.6000000000001,0.0,8.696397370330041,0.75,1.0,17.484436001294313
2070.0,617.157125,1164.6000000000001,0.0,8.696397370330041,0.75,1.0,17.513453771767434
2080.0,620.392125,1164.6000000000001,0.0,8.696397370330041,0.75,1.0,17.54247154224056
2090.0,623.627125,1164.6000000000001,0.0,8.696397370330041,0.75,1.0,17.57148931271368
2100.0,626.862125,1164.6000000000001,0.0,8.696397370330041,0.75,1.0,17.600507083186802
2110.0,630.097125,1164.6000000000001,0.0,8.696397370330041,0.75,1.0,17.629524853659927
2120.0,633.332125,1164.6000000000001,0.0,8.696397370330041,0.75,1.0,17.658542624133048
2130.0,636.567125,1164.6000000000001,0.0,8.696397370330041,0.75,1.0,17.68756039460617
2140.0,639.802125,1164.6000000000001,0.0,8.696397370330041,0.75,1.0,17.716578165079294
2150.0,643.037125,1164.6000000000001,0.0,8.696397370330041,0.75,1.0,17.745595935552416
2160.0,646.272125,1164.6000000000001,0.0,8.696397370330041,0.75,1.0,17.774613706025537
2170.0,649.507125,1164.6000000000001,0.0,8.696397370330041,0.75,1.0,17.803631476498662
2180.0,652.742125,1164.6000000000001,0.0,8.696397370330041,0.75,1.0,17.832649246971783
2190.0,655.977125,1164.6000000000001,0.0,8.696397370330041,0.75,1.0,17.861667017444905
2200.0,659.212125,1164.6000000000001,0.0,8.696397370330041,0.75,1.0,17.89068478791803
2210.0,662.447125,1164.6000000000001,0.0,8.696397370330041,0.75,1.0,17.91970255839115
2220.0,665.682125,1164.6000000000001,0.0,8.696397370330041,0.75,1.0,17.948720328864272
2230.0,668.917125,1164.6000000000001,0.0,8.696397370330041,0.75,1.0,17.977738099337397
2240.0,672.152125,1164.6000000000001,0.0,8.696397370330041,0.75,1.0,18.00675586981052
2250.0,675.387125,1164.6000000000001,0.0,8.696397370330041,0.75,1.0,18.03577364028364
2260.0,678.622125,1164.6000000000001,0.0,8.696397370330041,0.75,1.0,18.064791410756765
2270.0,681.857125,1164.6000000000001,0.0,8.696397370330041,0.75,1.0,18.093809181229886
2280.0,685.092125,1164.6000000000001,0.0,8.696397370330041,0.75,1.0,18.122826951703008
2290.0,688.327125,1164.6000000000001,0.0,8.696397370330041,0.75,1.0,18.151844722176133
2300.0,691.562125,1164.6000000000001,0.0,8.696397370330041,0.75,1.0,18.180862492649254
2310.0,694.797125,1164.6000000000001,0.0,8.696397370330041,0.75,1.0,18.20988026312238
2320.0,698.032125,1164.6000000000001,0.0,8.696397370330041,0.75,1.0,18.2388980335955
2330.0,701.267125,1164.6000000000001,0.0,8.696397370330041,0.75,1.0,18.267915804068625
2340.0,704.502125,1164.6000000000001,0.0,8.696397370330041,0.75,1.0,18.296933574541747
2350.0,707.737125,1164.6000000000001,0.0,8.696397370330041,0.75,1.0,18.325951345014868
2360.0,710.972125,1164.6000000000001,0.0,8.696397370330041,0.75,1.0,18.354969115487993
2370.0,714.207125,1164.6000000000001,0.0,8.696397370330041,0.75,1.0,18.383986885961114
2380.0,717.442125,1164.6000000000001,0.0,8.696397370330041,0.75,1.0,18.413004656434236
2390.0,720.677125,1164.6000000000001,0.0,8.696397370330041,0.75,1.0,18.44202242690736
2400.0,723.912125,1164.6000000000001,0.0,8.696397370330041,0.75,1.0,18.471040197380482
2410.0,727.147125,1164.6000000000001,0.0,8.696397370330041,0.75,1.0,18.500057967853603
2420.0,730.382125,1164.6000000000001,0.0,8.696397370330041,0.75,1.0,18.52907573832673
2430.0,733.617125,1164.6000000000001,0.0,8.696397370330041,0.75,1.0,18.55809350879985
2440.0,736.852125,1164.6000000000001,0.0,8.696397370330041,0.75,1.0,18.58711127927297
2450.0,740.087125,1164.6000000000001,0.0,8.696397370330041,0.75,1.0,18.616129049746096
2460.0,743.322125,1164.6000000000001,0.0,8.696397370330041,0.75,1.0,18.645146820219217
2470.0,746.557125,1164.6000000000001,0.0,8.696397370330041,0.75,1.0,18.67416459069234
2480.0,749.792125,1164.6000000000001,0.0,8.696397370330041,0.75,1.0,18.703182361165464
2490.0,753.027125,1164.6000000000001,0.0,8.696397370330041,0.75,1.0,18.732200131638585
2500.0,756.262125,1164.6000000000001,0.0,8.696397370330041,0.75,1.0,18.761217902111706
2510.0,759.497125,1164.6000000000001,0.0,8.696397370330041,0.75,1.0,18.79023567258483
2520.0,762.732125,1164.6000000000001,0.0,8.696397370330041,0.75,1.0,18.819253443057953
2530.0,765.967125,1164.6000000000001,0.0,8.696397370330041,0.75,1.0,18.848271213531074
2540.0,769.202125,1164.6000000000001,0.0,8.696397370330041,0.75,1.0,18.8772889840042
2550.0,772.437125,1164.6000000000001,0.0,8.696397370330041,0.75,1.0,18.90630675447732
2560.0,775.672125,1164.6000000000001,0.0,8.696397370330041,0.75,1.0,18.935324524950442
2570.0,778.907125,1164.6000000000001,0.0,8.696397370330041,0.75,1.0,18.964342295423567
2580.0,782.142125,1164.6000000000001,0.0,8.696397370330041,0.75,1.0,18.993360065896688
2590.0,785.377125,1164.6000000000001,0.0,8.696397370330041,0.75,1.0,19.02237783636981
2600.0,788.612125,1164.6000000000001,0.0,8.696397370330041,0.75,1.0,19.051395606842934
2610.0,791.847125,1164.6000000000001,0.0,8.696397370330041,0.75,1.0,19.080413377316056
2620.0,795.082125,1164.6000000000001,0.0,8.696397370330041,0.75,1.0,19.109431147789177
2630.0,798.317125,1164.6000000000001,0.0,8.696397370330041,0.75,1.0,19.138448918262302
2640.0,801.552125,1164.6000000000001,0.0,8.696397370330041,0.75,1.0,19.167466688735423
2650.0,804.787125,1164.6000000000001,0.0,8.696397370330041,0.75,1.0,19.196484459208545
2660.0,808.022125,1164.6000000000001,0.0,8.696397370330041,0.75,1.0,19.22550222968167
2670.0,811.257125,1164.6000000000001,0.0,8.696397370330041,0.75,1.0,19.25452000015479
2680.0,814.492125,1164.6000000000001,0.0,8.696397370330041,0.75,1.0,19.283537770627913
2690.0,817.727125,1164.6000000000001,0.0,8.696397370330041,0.75,1.0,19.312555541101037
2700.0,820.962125,1164.6000000000001,0.0,8.696397370330041,0.75,1.0,19.34157331157416
2710.0,824.197125,1164.6000000000001,0.0,8.696397370330041,0.75,1.0,19.37059108204728
2720.0,827.432125,1164.6000000000001,0.0,8.696397370330041,0.75,1.0,19.399608852520405
2730.0,830.667125,1164.6000000000001,0.0,8.696397370330041,0.75,1.0,19.428626622993526
2740.0,833.902125,1164.6000000000001,0.0,8.696397370330041,0.75,1.0,19.457644393466648
2750.0,837.137125,1164.6000000000001,0.0,8.696397370330041,0.75,1.0,19.486662163939773
2760.0,840.372125,1164.6000000000001,0.0,8.696397370330041,0.75,1.0,19.515679934412894
2770.0,843.607125,1164.6000000000001,0.0,8.696397370330041,0.75,1.0,19.544697704886016
2780.0,846.842125,1164.6000000000001,0.0,8.696397370330041,0.75,1.0,19.57371547535917
2790.0,850.077125,1164.6000000000001,0.0,8.696397370330041,0.75,1.0,19.60273324583233
2800.0,853.312125,1164.6000000000001,0.0,8.696397370330041,0.75,1.0,19.631751016305493
2810.0,856.547125,1164.6000000000001,0.0,8.696397370330041,0.75,1.0,19.660768786778657
2820.0,859.782125,1164.6000000000001,0.0,8.696397370330041,0.75,1.0,19.689786557251818
2830.0,863.017125,1164.6000000000001,0.0,8.696397370330041,0.75,1.0,19.718804327724982
2840.0,866.252125,1164.6000000000001,0.0,8.696397370330041,0.75,1.0,19.747822098198146
2850.0,869.487125,1164.6000000000001,0.0,8.696397370330041,0.75,1.0,19.77683986867131
2860.0,872.722125,1164.6000000000001,0.0,8.696397370330041,0.75,1.0,19.80585763914447
2870.0,875.957125,1164.6000000000001,0.0,8.696397370330041,0.75,1.0,19.834875409617634
2880.0,879.192125,1164.6000000000001,0.0,8.696397370330041,0.75,1.0,19.8638931800908
2890.0,882.427125,1164.6000000000001,0.0,8.696397370330041,0.75,1.0,19.89291095056396
2900.0,885.662125,1164.6000000000001,0.0,8.696397370330041,0.75,1.0,19.921928721037123
2910.0,888.897125,1164.6000000000001,0.0,8.696397370330041,0.75,1.0,19.950946491510287
2920.0,892.132125,1164.6000000000001,0.0,8.696397370330041,0.75,1.0,19.97996426198345
2930.0,895.367125,1164.6000000000001,0.0,8.696397370330041,0.75,1.0,20.00898203245661
2940.0,898.602125,1164.6000000000001,0.0,8.696397370330041,0.75,1.0,20.037999802929775
2950.0,901.837125,1164.6000000000001,0.0,8.696397370330041,0.75,1.0,20.06701757340294
2960.0,905.072125,1164.6000000000001,0.0,8.696397370330041,0.75,1.0,20.0960353438761
2970.0,908.307125,1164.6000000000001,0.0,8.696397370330041,0.75,1.0,20.125053114349264
2980.0,911.542125,1164.6000000000001,0.0,8.696397370330041,0.75,1.0,20.154070884822428
2990.0,914.777125,1164.6000000000001,0.0,8.696397370330041,0.75,1.0,20.18308865529559
3000.0,918.012125,1164.6000000000001,0.0,8.696397370330041,0.75,1.0,20.212106425768752
3010.0,921.247125,1164.6000000000001,0.0,8.696397370330041,0.75,1.0,20.241124196241916
3020.0,924.482125,1164.6000000000001,0.0,8.696397370330041,0.75,1.0,20.27014196671508
3030.0,927.717125,1164.6000000000001,0.0,8.696397370330041,0.75,1.0,20.29915973718824
3040.0,930.952125,1164.6000000000001,0.0,8.696397370330041,0.75,1.0,20.328177507661405
3050.0,934.187125,1164.6000000000001,0.0,8.696397370330041,0.75,1.0,20.35719527813457
3060.0,937.422125,1164.6000000000001,0.0,8.696397370330041,0.75,1.0,20.386213048607733
3070.0,940.657125,1164.6000000000001,0.0,8.696397370330041,0.75,1.0,20.415230819080893
3080.0,943.892125,1164.6000000000001,0.0,8.696397370330041,0.75,1.0,20.444248589554057
3090.0,947.127125,1164.6000000000001,0.0,8.696397370330041,0.75,1.0,20.47326636002722
3100.0,950.362125,1164.6000000000001,0.0,8.696397370330041,0.75,1.0,20.50228413050038
3110.0,953.597125,1164.6000000000001,0.0,8.696397370330041,0.75,1.0,20.531301900973546
3120.0,956.832125,1164.6000000000001,0.0,8.696397370330041,0.75,1.0,20.56031967144671
3130.0,960.067125,1164.6000000000001,0.0,8.696397370330041,0.75,1.0,20.589337441919874
3140.0,963.302125,1164.6000000000001,0.0,8.696397370330041,0.75,1.0,20.618355212393034
3150.0,966.537125,1164.6000000000001,0.0,8.696397370330041,0.75,1.0,20.647372982866198
3160.0,969.772125,1164.6000000000001,0.0,8.696397370330041,0.75,1.0,20.676390753339362
3170.0,973.007125,1164.6000000000001,0.0,8.696397370330041,0.75,1.0,20.705408523812523
3180.0,976.242125,1164.6000000000001,0.0,8.696397370330041,0.75,1.0,20.734426294285687
3190.0,979.477125,1164.6000000000001,0.0,8.696397370330041,0.75,1.0,20.76344406475885
3200.0,982.712125,1164.6000000000001,0.0,8.696397370330041,0.75,1.0,20.792461835232015
3210.0,985.947125,1164.6000000000001,0.0,8.696397370330041,0.75,1.0,20.821479605705175
3220.0,989.182125,1164.6000000000001,0.0,8.696397370330041,0.75,1.0,20.85049737617834
3230.0,992.417125,1164.6000000000001,0.0,8.696397370330041,0.75,1.0,20.879515146651503
3240.0,995.652125,1164.6000000000001,0.0,8.696397370330041,0.75,1.0,20.908532917124663
3250.0,998.887125,1164.6000000000001,0.0,8.696397370330041,0.75,1.0,20.937550687597827
3260.0,1002.122125,1164.6000000000001,0.0,8.696397370330041,0.75,1.0,20.96656845807099
3270.0,1005.357125,1164.6000000000001,0.0,8.696397370330041,0.75,1.0,20.995586228544152
3280.0,1008.592125,1164.6000000000001,0.0,8.696397370330041,0.75,1.0,21.024603999017316
3290.0,1011.827125,1164.6000000000001,0.0,8.696397370330041,0.75,1.0,21.05362176949048
3300.0,1015.062125,1164.6000000000001,0.0,8.696397370330041,0.75,1.0,21.082639539963644
3310.0,1018.297125,1164.6000000000001,0.0,8.696397370330041,0.75,1.0,21.111657310436804
3320.0,1021.532125,1164.6000000000001,0.0,8.696397370330041,0.75,1.0,21.14067508090997
3330.0,1024.767125,1164.6000000000001,0.0,8.696397370330041,0.75,1.0,21.169692851383132
3340.0,1028.002125,1164.6000000000001,0.0,8.696397370330041,0.75,1.0,21.198710621856293
3350.0,1031.237125,1164.6000000000001,0.0,8.696397370330041,0.75,1.0,21.227728392329457
3360.0,1034.472125,1164.6000000000001,0.0,8.696397370330041,0.75,1.0,21.25674616280262
3370.0,1037.707125,1164.6000000000001,0.0,8.696397370330041,0.75,1.0,21.285763933275785
3380.0,1040.942125,1164.6000000000001,0.0,8.696397370330041,0.75,1.0,21.314781703748945
3390.0,1044.177125,1164.6000000000001,0.0,8.696397370330041,0.75,1.0,21.34379947422211
3400.0,1047.412125,1164.6000000000001,0.0,8.696397370330041,0.75,1.0,21.372817244695273
3410.0,1050.647125,1164.6000000000001,0.0,8.696397370330041,0.75,1.0,21.401835015168434
3420.0,1053.882125,1164.6000000000001,0.0,8.696397370330041,0.75,1.0,21.430852785641598
3430.0,1057.117125,1164.6000000000001,0.0,8.696397370330041,0.75,1.0,21.459870556114762
3440.0,1060.352125,1164.6000000000001,0.0,8.696397370330041,0.75,1.0,21.488888326587926
3450.0,1063.587125,1164.6000000000001,0.0,8.696397370330041,0.75,1.0,21.517906097061086
3460.0,1066.822125,1164.6000000000001,0.0,8.696397370330041,0.75,1.0,21.54692386753425
3470.0,1070.057125,1164.6000000000001,0.0,8.696397370330041,0.75,1.0,21.575941638007414
3480.0,1073.292125,1164.6000000000001,0.0,8.696397370330041,0.75,1.0,21.604959408480575
3490.0,1076.527125,1164.6000000000001,0.0,8.696397370330041,0.75,1.0,21.63397717895374
3500.0,1079.762125,1164.6000000000001,0.0,8.696397370330041,0.75,1.0,21.662994949426903
3510.0,1082.997125,1164.6000000000001,0.0,8.696397370330041,0.75,1.0,21.692012719900067
3520.0,1086.232125,1164.6000000000001,0.0,8.696397370330041,0.75,1.0,21.721030490373227
3530.0,1089.467125,1164.6000000000001,0.0,8.696397370330041,0.75,1.0,21.75004826084639
3540.0,1092.702125,1164.6000000000001,0.0,8.696397370330041,0.75,1.0,21.779066031319555
3550.0,1095.937125,1164.6000000000001,0.0,8.696397370330041,0.75,1.0,21.808083801792716
3560.0,1099.172125,1164.6000000000001,0.0,8.696397370330041,0.75,1.0,21.83710157226588
3570.0,1102.407125,1164.6000000000001,0.0,8.696397370330041,0.75,1.0,21.866119342739044
3580.0,1105.642125,1164.6000000000001,0.0,8.696397370330041,0.75,1.0,21.895137113212208
3590.0,1108.877125,1164.6000000000001,0.0,8.696397370330041,0.75,1.0,21.924154883685368
3600.0,1112.112125,1164.6000000000001,0.0,8.696397370330041,0.75,1.0,21.953172654158532
3610.0,1115.347125,1164.6000000000001,0.0,8.696397370330041,0.75,1.0,21.982190424631696
3620.0,1118.582125,1164.6000000000001,0.0,8.696397370330041,0.75,1.0,22.011208195104857
3630.0,1121.817125,1164.6000000000001,0.0,8.696397370330041,0.75,1.0,22.04022596557802
3640.0,1125.052125,1164.6000000000001,0.0,8.696397370330041,0.75,1.0,22.069243736051185
3650.0,1128.287125,1164.6000000000001,0.0,8.696397370330041,0.75,1.0,22.09826150652435
3660.0,1131.522125,1164.6000000000001,0.0,8.696397370330041,0.75,1.0,22.12727927699751
3670.0,1134.757125,1164.6000000000001,0.0,8.696397370330041,0.75,1.0,22.156297047470673
3680.0,1137.992125,1164.6000000000001,0.0,8.696397370330041,0.75,1.0,22.185314817943837
3690.0,1141.227125,1164.6000000000001,0.0,8.696397370330041,0.75,1.0,22.214332588416998
3700.0,1144.462125,1164.6000000000001,0.0,8.696397370330041,0.75,1.0,22.24335035889016
3710.0,1147.697125,1164.6000000000001,0.0,8.696397370330041,0.75,1.0,22.272368129363326
3720.0,1150.932125,1164.6000000000001,0.0,8.696397370330041,0.75,1.0,22.301385899836486
3730.0,1154.167125,1164.6000000000001,0.0,8.696397370330041,0.75,1.0,22.33040367030965
3740.0,1157.402125,1164.6000000000001,0.0,8.696397370330041,0.75,1.0,22.359421440782814
3750.0,1160.637125,1164.6000000000001,0.0,8.696397370330041,0.75,1.0,22.388439211255978
3760.0,1163.872125,1164.6000000000001,0.0,8.696397370330041,0.75,1.0,22.41745698172914
3770.0,1167.107125,1164.6000000000001,0.0,8.696397370330041,0.75,1.0,22.446474752202302
3780.0,1170.342125,1164.6000000000001,0.0,8.696397370330041,0.75,1.0,22.475492522675466
3790.0,1173.577125,1164.6000000000001,0.0,8.696397370330041,0.75,1.0,22.504510293148627
3800.0,1176.812125,1164.6000000000001,0.0,8.696397370330041,0.75,1.0,22.53352806362179
3810.0,1180.047125,1164.6000000000001,0.0,8.696397370330041,0.75,1.0,22.562545834094955
3820.0,1183.282125,1164.6000000000001,0.0,8.696397370330041,0.75,1.0,22.59156360456812
3830.0,1186.517125,1164.6000000000001,0.0,8.696397370330041,0.75,1.0,22.62058137504128
3840.0,1189.752125,1164.6000000000001,0.0,8.696397370330041,0.75,1.0,22.649599145514443
3850.0,1192.987125,1164.6000000000001,0.0,8.696397370330041,0.75,1.0,22.678616915987607
3860.0,1196.222125,1164.6000000000001,0.0,8.696397370330041,0.75,1.0,22.707634686460768
3870.0,1199.457125,1164.6000000000001,0.0,8.696397370330041,0.75,1.0,22.736652456933932
3880.0,1202.692125,1164.6000000000001,0.0,8.696397370330041,0.75,1.0,22.765670227407096
3890.0,1205.927125,1164.6000000000001,0.0,8.696397370330041,0.75,1.0,22.79468799788026
3900.0,1209.162125,1164.6000000000001,0.0,8.696397370330041,0.75,1.0,22.82370576835342
3910.0,1212.397125,1164.6000000000001,0.0,8.696397370330041,0.75,1.0,22.852723538826584
3920.0,1215.632125,1164.6000000000001,0.0,8.696397370330041,0.75,1.0,22.88174130929975
3930.0,1218.867125,1164.6000000000001,0.0,8.696397370330041,0.75,1.0,22.91075907977291
3940.0,1222.102125,1164.6000000000001,0.0,8.696397370330041,0.75,1.0,22.939776850246073
3950.0,1225.337125,1164.6000000000001,0.0,8.696397370330041,0.75,1.0,22.968794620719237
3960.0,1228.572125,1164.6000000000001,0.0,8.696397370330041,0.75,1.0,22.9978123911924
3970.0,1231.807125,1164.6000000000001,0.0,8.696397370330041,0.75,1.0,23.02683016166556
3980.0,1235.042125,1164.6000000000001,0.0,8.696397370330041,0.75,1.0,23.055847932138725
3990.0,1238.277125,1164.6000000000001,0.0,8.696397370330041,0.75,1.0,23.08486570261189
4000.0,1241.512125,1164.6000000000001,0.0,8.696397370330041,0.75,1.0,23.11388347308505
4010.0,1244.747125,1164.6000000000001,0.0,8.696397370330041,0.75,1.0,23.142901243558214
4020.0,1247.982125,1164.6000000000001,0.0,8.696397370330041,0.75,1.0,23.171919014031378
4030.0,1251.217125,1164.6000000000001,0.0,8.696397370330041,0.75,1.0,23.200936784504542
4040.0,1254.452125,1164.6000000000001,0.0,8.696397370330041,0.75,1.0,23.229954554977702
4050.0,1257.687125,1164.6000000000001,0.0,8.696397370330041,0.75,1.0,23.258972325450866
4060.0,1260.922125,1164.6000000000001,0.0,8.696397370330041,0.75,1.0,23.28799009592403
4070.0,1264.157125,1164.6000000000001,0.0,8.696397370330041,0.75,1.0,23.31700786639719
4080.0,1267.392125,1164.6000000000001,0.0,8.696397370330041,0.75,1.0,23.346025636870355
4090.0,1270.627125,1164.6000000000001,0.0,8.696397370330041,0.75,1.0,23.37504340734352
4100.0,1273.862125,1164.6000000000001,0.0,8.696397370330041,0.75,1.0,23.404061177816683
4110.0,1277.097125,1164.6000000000001,0.0,8.696397370330041,0.75,1.0,23.433078948289843
4120.0,1280.332125,1164.6000000000001,0.0,8.696397370330041,0.75,1.0,23.462096718763007
4130.0,1283.567125,1164.6000000000001,0.0,8.696397370330041,0.75,1.0,23.49111448923617
4140.0,1286.802125,1164.6000000000001,0.0,8.696397370330041,0.75,1.0,23.52013225970933
4150.0,1290.037125,1164.6000000000001,0.0,8.696397370330041,0.75,1.0,23.549150030182496
4160.0,1293.272125,1164.6000000000001,0.0,8.696397370330041,0.75,1.0,23.57816780065566
4170.0,1296.507125,1164.6000000000001,0.0,8.696397370330041,0.75,1.0,23.60718557112882
4180.0,1299.742125,1164.6000000000001,0.0,8.696397370330041,0.75,1.0,23.636203341601984
4190.0,1302.977125,1164.6000000000001,0.0,8.696397370330041,0.75,1.0,23.665221112075148
4200.0,1306.212125,1164.6000000000001,0.0,8.696397370330041,0.75,1.0,23.694238882548312
4210.0,1309.447125,1164.6000000000001,0.0,8.696397370330041,0.75,1.0,23.723256653021473
4220.0,1312.682125,1164.6000000000001,0.0,8.696397370330041,0.75,1.0,23.752274423494637
4230.0,1315.917125,1164.6000000000001,0.0,8.696397370330041,0.75,1.0,23.7812921939678
4240.0,1319.152125,1164.6000000000001,0.0,8.696397370330041,0.75,1.0,23.81030996444096
4250.0,1322.387125,1164.6000000000001,0.0,8.696397370330041,0.75,1.0,23.839327734914125
4260.0,1325.622125,1164.6000000000001,0.0,8.696397370330041,0.75,1.0,23.86834550538729
4270.0,1328.857125,1164.6000000000001,0.0,8.696397370330041,0.75,1.0,23.897363275860453
4280.0,1332.092125,1164.6000000000001,0.0,8.696397370330041,0.75,1.0,23.926381046333614
4290.0,1335.327125,1164.6000000000001,0.0,8.696397370330041,0.75,1.0,23.955398816806778
4300.0,1338.562125,1164.6000000000001,0.0,8.696397370330041,0.75,1.0,23.98441658727994
4310.0,1341.797125,1164.6000000000001,0.0,8.696397370330041,0.75,1.0,24.013434357753102
4320.0,1345.032125,1164.6000000000001,0.0,8.696397370330041,0.75,1.0,24.042452128226266
4330.0,1348.267125,1164.6000000000001,0.0,8.696397370330041,0.75,1.0,24.07146989869943
4340.0,1351.502125,1164.6000000000001,0.0,8.696397370330041,0.75,1.0,24.100487669172594
4350.0,1354.737125,1164.6000000000001,0.0,8.696397370330041,0.75,1.0,24.129505439645754
4360.0,1357.972125,1164.6000000000001,0.0,8.696397370330041,0.75,1.0,24.15852321011892
4370.0,1361.207125,1164.6000000000001,0.0,8.696397370330041,0.75,1.0,24.187540980592082
4380.0,1364.442125,1164.6000000000001,0.0,8.696397370330041,0.75,1.0,24.216558751065243
4390.0,1367.677125,1164.6000000000001,0.0,8.696397370330041,0.75,1.0,24.245576521538407
4400.0,1370.912125,1164.6000000000001,0.0,8.696397370330041,0.75,1.0,24.27459429201157
4410.0,1374.147125,1164.6000000000001,0.0,8.696397370330041,0.75,1.0,24.303612062484735
4420.0,1377.382125,1164.6000000000001,0.0,8.696397370330041,0.75,1.0,24.332629832957895
4430.0,1380.617125,1164.6000000000001,0.0,8.696397370330041,0.75,1.0,24.36164760343106
4440.0,1383.852125,1164.6000000000001,0.0,8.696397370330041,0.75,1.0,24.390665373904223
4450.0,1387.087125,1164.6000000000001,0.0,8.696397370330041,0.75,1.0,24.419683144377384
4460.0,1390.322125,1164.6000000000001,0.0,8.696397370330041,0.75,1.0,24.448700914850548
4470.0,1393.557125,1164.6000000000001,0.0,8.696397370330041,0.75,1.0,24.477718685323712
4480.0,1396.792125,1164.6000000000001,0.0,8.696397370330041,0.75,1.0,24.506736455796876
4490.0,1399.997125,1137.6000000000001,-1.0,-137.82305057226483,0.75,1.0,24.206757427099095
4500.0,1403.104625,1101.6000000000001,-1.0,-133.72557267261323,0.75,1.0,23.83474624311152
4510.0,1406.112125,1065.6000000000001,-1.0,-129.6026274698258,0.75,1.0,23.474154274167862
4520.0,1409.019625,1029.6000000000001,-1.0,-125.4550472287108,0.75,1.0,23.12505104905732
4530.0,1411.827125,993.6,-1.0,-121.28366421407665,0.75,1.0,22.787503784722404
4540.0,1414.534625,957.6,-1.0,-117.0893106907317,0.75,1.0,22.461577386258924
4550.0,1417.142125,921.6,-1.0,-112.87281892348432,0.75,1.0,22.147334446916027
4560.0,1419.649625,885.6,-1.0,-108.63502117714287,0.75,1.0,21.844835248096132
4570.0,1422.057125,849.6,-1.0,-104.37674971651568,0.75,1.0,21.554137759354997
4580.0,1424.364625,813.6,-1.0,-100.09883680641114,0.75,1.0,21.27529763840169
4590.0,1426.572125,777.6,-1.0,-95.80211471163764,0.75,1.0,21.00836823109857
4600.0,1428.679625,741.6,-1.0,-91.4874156970035,0.75,1.0,20.753400571461313
4610.0,1430.687125,705.6,-1.0,-87.15557202731706,0.75,1.0,20.510443381658916
4620.0,1432.594625,669.6,-1.0,-82.80741596738676,0.75,1.0,20.279543072013674
4630.0,1434.402125,633.6,-1.0,-78.44377978202091,0.75,1.0,20.060743741001204
4640.0,1436.109625,597.6,-1.0,-74.06549573602788,0.75,1.0,19.854087175250417
4650.0,1437.717125,561.6,-1.0,-69.67339609421602,0.75,1.0,19.659612849543546
4660.0,1439.224625,525.6,-1.0,-65.26831312139372,0.75,1.0,19.477357926816136
4670.0,1440.632125,489.6,-1.0,-60.85107908236933,0.75,1.0,19.30735725815703
4680.0,1441.939625,453.6,-1.0,-56.42252624195122,0.75,1.0,19.149643382808392
4690.0,1443.147125,417.6,-1.0,-51.983486864947736,0.75,1.0,19.004246528165694
4700.0,1444.254625,381.6,-1.0,-47.534793216167245,0.75,1.0,18.87119460977771
4710.0,1445.262125,345.6,-1.0,-43.07727756041812,0.75,1.0,18.75051323134654
4720.0,1446.169625,309.6,-1.0,-38.611772162508714,0.75,1.0,18.642225684727578
4730.0,1446.977125,273.6,-1.0,-34.13910928724738,0.75,1.0,18.54635294992954
4740.0,1447.684625,237.6,-1.0,-29.66012119944251,0.75,1.0,18.462913695114434
4750.0,1448.292125,201.6,-1.0,-25.175640163902436,0.75,1.0,18.391924276597607
4760.0,1448.799625,165.6,-1.0,-20.686498445435536,0.75,1.0,18.33339873884769
4770.0,1449.207125,129.6,-1.0,-16.193528308850173,0.75,1.0,18.287348814486638
4780.0,1449.514625,93.60000000000001,-1.0,-11.697562018954702,0.75,1.0,18.253783924289714
4790.0,1449.722125,57.6,-1.0,-7.199431840557491,0.75,1.0,18.232711177185493
4800.0,1449.829625,21.6,-1.0,-2.699970038466899,0.75,1.0,18.224135370255837
